epoch,time,train/box_loss,train/seg_loss,train/cls_loss,train/dfl_loss,metrics/precision(B),metrics/recall(B),metrics/mAP50(B),metrics/mAP50-95(B),metrics/precision(M),metrics/recall(M),metrics/mAP50(M),metrics/mAP50-95(M),val/box_loss,val/seg_loss,val/cls_loss,val/dfl_loss,lr/pg0,lr/pg1,lr/pg2
1,2.5969,1.79607,6.50292,3.04962,1.83269,0.01562,1,0.74625,0.51931,0.01562,1,0.74625,0.23742,0.91847,4.12045,2.33783,1.06076,2e-05,2e-05,2e-05
2,3.05066,1.75128,6.29487,2.92531,1.74174,0.01527,1,0.81583,0.5976,0.01527,1,0.59393,0.26624,0.91325,4.11815,2.33406,1.0557,5.9703e-05,5.9703e-05,5.9703e-05
3,3.74618,1.63388,6.06179,3.01077,1.75174,0.01504,1,0.81583,0.58424,0.01504,1,0.64144,0.28992,0.89818,4.12081,2.33901,1.05511,9.901e-05,9.901e-05,9.901e-05
4,4.80577,1.76811,5.9003,3.01611,1.73286,0.01542,1,0.995,0.68827,0.01542,1,0.995,0.39738,0.86053,3.85284,2.33796,1.04267,0.000137921,0.000137921,0.000137921
5,6.10331,1.1312,3.73375,2.91859,1.40511,0.01567,1,0.995,0.7235,0.01567,1,0.995,0.49368,0.75266,3.33957,2.36893,0.93439,0.000176436,0.000176436,0.000176436
6,10.8299,1.07288,2.52942,2.73675,1.2656,0.01508,1,0.995,0.78042,0.01508,1,0.995,0.63898,0.61493,2.7781,2.22472,0.73378,0.000214555,0.000214555,0.000214555
7,13.9375,0.88674,2.15231,2.35991,1.13211,0.01422,1,0.995,0.80628,0.01422,1,0.995,0.7508,0.60158,1.96165,2.14499,0.72095,0.000252278,0.000252278,0.000252278
8,17.8337,0.81209,1.94669,1.95837,1.12972,0.01302,1,0.995,0.77266,0.01302,1,0.995,0.8022,0.71304,1.43953,1.95879,0.74634,0.000289605,0.000289605,0.000289605
9,22.2888,0.87868,1.58608,1.81604,1.10442,0.86529,1,0.995,0.78988,0.86529,1,0.995,0.82738,0.79065,1.2706,1.80391,0.70325,0.000326536,0.000326536,0.000326536
10,26.2116,0.91519,1.60003,1.62642,1.10441,0.98003,1,0.995,0.85149,0.98003,1,0.995,0.82738,0.63014,1.33842,1.68459,0.64815,0.000363071,0.000363071,0.000363071
11,29.3604,0.78227,1.39665,1.49682,1.02088,0.95842,1,0.995,0.93082,0.95842,1,0.995,0.82839,0.60782,1.47816,1.54171,0.65549,0.00039921,0.00039921,0.00039921
12,32.3892,0.76325,1.21482,1.24782,1.0565,0.96407,1,0.995,0.8965,0.96407,1,0.995,0.85911,0.59362,1.42894,1.46401,0.65845,0.000434953,0.000434953,0.000434953
13,33.4984,0.79338,1.10821,1.09128,1.10324,0.97207,1,0.995,0.91091,0.97207,1,0.995,0.836,0.55773,1.41256,1.32654,0.6554,0.0004703,0.0004703,0.0004703
14,36.4595,0.85478,1.14618,1.20187,1.10669,0.99291,1,0.995,0.89884,0.99291,1,0.995,0.82877,0.46814,1.5185,1.19031,0.61276,0.000505251,0.000505251,0.000505251
15,38.106,0.82231,1.02099,1.15734,1.10837,1,0.97567,0.995,0.93243,0.83814,1,0.97214,0.79168,0.40101,1.74679,1.04824,0.5994,0.000539806,0.000539806,0.000539806
16,39.8308,0.85737,1.14963,1.07808,1.08327,0.97428,1,0.995,0.87288,0.85252,1,0.92357,0.73945,0.46221,1.60546,0.89858,0.64352,0.000573965,0.000573965,0.000573965
17,41.4744,0.84299,1.02284,1.04549,1.08304,0.97591,1,0.995,0.74026,0.85265,1,0.85286,0.64343,0.73216,1.66853,0.80819,0.75424,0.000607728,0.000607728,0.000607728
18,43.1207,0.77787,1.14761,0.9384,1.05703,0.96606,1,0.995,0.7651,0.85148,1,0.92357,0.68265,0.78658,1.68536,0.701,0.79735,0.000641095,0.000641095,0.000641095
19,44.7642,0.76693,0.99388,0.86897,1.05824,0.99255,1,0.995,0.87841,0.99255,1,0.995,0.77894,0.66098,1.39999,0.58435,0.75387,0.000674066,0.000674066,0.000674066
20,46.403,0.79539,0.98758,0.87788,1.06097,0.99115,1,0.995,0.89965,0.99115,1,0.995,0.8243,0.61176,1.34155,0.59235,0.69768,0.000706641,0.000706641,0.000706641
21,48.0495,0.72632,1.01567,0.83569,1.02643,0.97066,1,0.995,0.88818,0.97066,1,0.995,0.82183,0.62201,1.22547,0.76791,0.7115,0.00073882,0.00073882,0.00073882
22,49.6993,0.90098,0.84475,0.89577,1.10856,0.98553,1,0.995,0.75686,0.98553,1,0.995,0.77803,0.98607,1.2255,0.86949,0.89404,0.000770603,0.000770603,0.000770603
23,51.4653,0.7842,0.94999,0.92861,1.0513,0.99624,1,0.995,0.76681,0.99624,1,0.995,0.82311,1.00367,1.40274,0.87218,0.94924,0.00080199,0.00080199,0.00080199
24,53.4242,0.66812,0.88751,0.86459,0.99957,0.99338,1,0.995,0.74291,0.99338,1,0.995,0.81321,1.01621,1.52431,0.93498,0.88915,0.000832981,0.000832981,0.000832981
25,55.432,0.73294,0.93995,0.85081,1.01935,0.99257,1,0.995,0.88039,0.99257,1,0.995,0.84296,0.72304,1.55132,0.72265,0.7409,0.000863576,0.000863576,0.000863576
26,59.1927,0.79997,0.97786,0.80262,1.08503,0.99219,1,0.995,0.88023,0.99219,1,0.995,0.84321,0.59153,1.6609,0.61351,0.68044,0.000893775,0.000893775,0.000893775
27,59.6449,0.73171,0.80859,0.81955,1.02746,0.99193,1,0.995,0.87938,0.99193,1,0.995,0.85256,0.61566,1.32452,0.57942,0.69403,0.000923578,0.000923578,0.000923578
28,61.5969,0.64285,0.78619,0.71791,0.99404,0.99193,1,0.995,0.87938,0.99193,1,0.995,0.85256,0.61566,1.32452,0.57942,0.69403,0.000952985,0.000952985,0.000952985
29,63.5664,0.65406,0.84858,0.74847,1.0188,0.98723,1,0.995,0.83467,0.98723,1,0.995,0.82152,0.68064,1.15842,0.57603,0.71975,0.000981996,0.000981996,0.000981996
30,65.5363,0.63798,0.95297,0.75218,1.02297,0.98548,1,0.995,0.87983,0.98548,1,0.995,0.78224,0.57194,1.34674,0.55665,0.66101,0.00101061,0.00101061,0.00101061
31,67.5004,0.71801,0.93332,0.74118,1.06691,0.98548,1,0.995,0.87983,0.98548,1,0.995,0.78224,0.57194,1.34674,0.55665,0.66101,0.00103883,0.00103883,0.00103883
32,69.4749,0.68147,0.97101,0.70038,1.0289,0.99035,1,0.995,0.89591,0.99035,1,0.995,0.87955,0.55621,0.95586,0.51795,0.66066,0.00106665,0.00106665,0.00106665
33,71.4505,0.67838,0.76978,0.75778,1.01477,0.99235,1,0.995,0.8846,0.99235,1,0.995,0.84594,0.58133,0.95375,0.46218,0.65906,0.00109408,0.00109408,0.00109408
34,75.3565,0.651,0.84602,0.76467,0.97769,0.99235,1,0.995,0.8846,0.99235,1,0.995,0.84594,0.58133,0.95375,0.46218,0.65906,0.00112111,0.00112111,0.00112111
35,77.3292,0.57845,0.8149,0.65898,0.97826,0.99245,1,0.995,0.84337,0.99245,1,0.995,0.80773,0.60998,1.13025,0.47402,0.66948,0.00114775,0.00114775,0.00114775
36,79.2936,0.63252,0.9164,0.66909,1.00729,0.99244,1,0.995,0.84607,0.99244,1,0.995,0.81843,0.64625,1.21583,0.53887,0.69175,0.00117399,0.00117399,0.00117399
37,81.2473,0.63797,0.73496,0.74043,0.99928,0.99244,1,0.995,0.84607,0.99244,1,0.995,0.81843,0.64625,1.21583,0.53887,0.69175,0.00119983,0.00119983,0.00119983
38,83.2223,0.73174,0.99604,0.70933,1.04423,0.99257,1,0.995,0.8626,0.99257,1,0.995,0.81451,0.72386,1.12158,0.5468,0.74179,0.00122528,0.00122528,0.00122528
39,85.1923,0.81182,1.0663,0.69314,1.10169,0.99264,1,0.995,0.88783,0.99264,1,0.995,0.84387,0.59494,1.25077,0.57011,0.70937,0.00125033,0.00125033,0.00125033
40,87.1372,0.66956,1.01432,0.6646,1.03908,0.99264,1,0.995,0.88783,0.99264,1,0.995,0.84387,0.59494,1.25077,0.57011,0.70937,0.00127498,0.00127498,0.00127498
41,89.125,0.65895,0.81531,0.65261,1.05597,0.99258,1,0.995,0.87689,0.99258,1,0.995,0.87125,0.579,1.06617,0.67462,0.71826,0.00129924,0.00129924,0.00129924
42,91.1033,0.69978,0.89003,0.68822,1.03419,0.99271,1,0.995,0.84386,0.99271,1,0.995,0.8955,0.60712,0.91872,0.90546,0.72231,0.0013231,0.0013231,0.0013231
43,93.0486,0.72174,1.01086,0.69669,1.05083,0.99271,1,0.995,0.84386,0.99271,1,0.995,0.8955,0.60712,0.91872,0.90546,0.72231,0.00134657,0.00134657,0.00134657
44,95.0249,0.7478,0.84724,0.63276,1.09988,0.99262,1,0.995,0.84936,0.99262,1,0.995,0.91209,0.61526,1.1195,0.73707,0.71659,0.00136964,0.00136964,0.00136964
45,96.9683,0.6796,0.8833,0.63339,1.05536,0.99262,1,0.995,0.84936,0.99262,1,0.995,0.91209,0.61526,1.1195,0.73707,0.71659,0.00139232,0.00139232,0.00139232
46,98.958,0.67753,0.7512,0.63974,1.02505,0.99257,1,0.995,0.86625,0.99257,1,0.995,0.87125,0.5675,1.24552,0.90735,0.65735,0.0014146,0.0014146,0.0014146
47,100.906,0.59957,0.81777,0.62028,0.98475,0.99257,1,0.995,0.86625,0.99257,1,0.995,0.87125,0.5675,1.24552,0.90735,0.65735,0.00143648,0.00143648,0.00143648
48,102.885,0.7301,0.8558,0.64716,1.00498,0.99256,1,0.995,0.90809,0.99256,1,0.995,0.91798,0.61251,1.06195,0.88876,0.66171,0.00145797,0.00145797,0.00145797
49,104.85,0.68806,0.83865,0.6312,1.03496,0.99256,1,0.995,0.90809,0.99256,1,0.995,0.91798,0.61251,1.06195,0.88876,0.66171,0.00147906,0.00147906,0.00147906
50,109.611,0.62949,0.76797,0.61151,1.00444,0.9926,1,0.995,0.9005,0.9926,1,0.995,0.92347,0.65973,0.94081,0.72542,0.67976,0.00149975,0.00149975,0.00149975
51,110.722,0.68102,0.80168,0.62222,1.02936,0.9926,1,0.995,0.9005,0.9926,1,0.995,0.92347,0.65973,0.94081,0.72542,0.67976,0.001505,0.001505,0.001505
52,114.649,0.70566,0.77892,0.63113,1.02375,0.99258,1,0.995,0.87167,0.99258,1,0.995,0.90383,0.55902,0.89557,0.65843,0.68374,0.0014951,0.0014951,0.0014951
53,116.627,0.68125,0.83282,0.63022,1.03574,0.99258,1,0.995,0.87167,0.99258,1,0.995,0.90383,0.55902,0.89557,0.65843,0.68374,0.0014852,0.0014852,0.0014852
54,118.585,0.62012,0.79047,0.59824,0.95255,0.99239,1,0.995,0.89109,0.99239,1,0.995,0.87392,0.54365,0.88253,0.63066,0.67752,0.0014753,0.0014753,0.0014753
55,120.541,0.6471,0.76157,0.61763,0.97584,0.99239,1,0.995,0.89109,0.99239,1,0.995,0.87392,0.54365,0.88253,0.63066,0.67752,0.0014654,0.0014654,0.0014654
56,122.516,0.78682,1.04698,0.72962,1.08571,0.99234,1,0.995,0.87008,0.99234,1,0.995,0.88786,0.6118,0.6936,0.73722,0.69649,0.0014555,0.0014555,0.0014555
57,124.472,0.63476,0.82069,0.65509,1.01816,0.99234,1,0.995,0.87008,0.99234,1,0.995,0.88786,0.6118,0.6936,0.73722,0.69649,0.0014456,0.0014456,0.0014456
58,126.442,0.64442,0.82218,0.61943,1.01465,0.9923,1,0.995,0.85017,0.9923,1,0.995,0.8955,0.58221,0.62638,0.75855,0.6805,0.0014357,0.0014357,0.0014357
59,128.404,0.5199,0.72871,0.54426,0.94086,0.9923,1,0.995,0.85017,0.9923,1,0.995,0.8955,0.58221,0.62638,0.75855,0.6805,0.0014258,0.0014258,0.0014258
60,130.385,0.6981,0.90649,0.6492,0.98486,0.99138,1,0.995,0.89893,0.99138,1,0.995,0.8955,0.53802,0.73623,0.68058,0.66091,0.0014159,0.0014159,0.0014159
61,132.339,0.66667,0.79828,0.56056,1.00247,0.99138,1,0.995,0.89893,0.99138,1,0.995,0.8955,0.53802,0.73623,0.68058,0.66091,0.001406,0.001406,0.001406
62,134.319,0.71373,0.88251,0.64028,1.03146,0.99004,1,0.995,0.8803,0.99004,1,0.995,0.87675,0.57715,0.7597,0.93929,0.68171,0.0013961,0.0013961,0.0013961
63,136.274,0.65695,0.76018,0.58743,1.01436,0.99004,1,0.995,0.8803,0.99004,1,0.995,0.87675,0.57715,0.7597,0.93929,0.68171,0.0013862,0.0013862,0.0013862
64,138.253,0.58043,0.7103,0.56035,0.98611,0.98992,1,0.995,0.84144,0.98992,1,0.995,0.89364,0.58245,0.63341,0.95093,0.68337,0.0013763,0.0013763,0.0013763
65,140.218,0.76065,0.83723,0.69756,1.07056,0.98992,1,0.995,0.84144,0.98992,1,0.995,0.89364,0.58245,0.63341,0.95093,0.68337,0.0013664,0.0013664,0.0013664
66,142.186,0.68868,0.89667,0.64243,1.02912,0.98971,1,0.995,0.906,0.98971,1,0.995,0.88805,0.47193,0.58974,0.75294,0.63307,0.0013565,0.0013565,0.0013565
67,144.138,0.57752,0.73942,0.57793,0.97635,0.98971,1,0.995,0.906,0.98971,1,0.995,0.88805,0.47193,0.58974,0.75294,0.63307,0.0013466,0.0013466,0.0013466
68,146.123,0.70224,0.70407,0.8269,1.0611,0.99018,1,0.995,0.91557,0.99018,1,0.995,0.9184,0.56509,0.74163,0.54585,0.68944,0.0013367,0.0013367,0.0013367
69,148.092,0.65518,0.6531,0.64806,1.00911,0.99018,1,0.995,0.91557,0.99018,1,0.995,0.9184,0.56509,0.74163,0.54585,0.68944,0.0013268,0.0013268,0.0013268
70,152.42,0.67526,0.87397,0.62858,1.01903,0.99136,1,0.995,0.9174,0.99136,1,0.995,0.92913,0.601,0.76173,0.62792,0.7074,0.0013169,0.0013169,0.0013169
71,155.913,0.7339,0.91347,0.63657,1.01858,0.99136,1,0.995,0.9174,0.99136,1,0.995,0.92913,0.601,0.76173,0.62792,0.7074,0.001307,0.001307,0.001307
72,159.826,0.64524,0.78955,0.62866,1.01877,0.9921,1,0.995,0.93875,0.9921,1,0.995,0.95873,0.49452,0.59311,0.63047,0.64844,0.0012971,0.0012971,0.0012971
73,163.745,0.55823,0.62464,0.52884,0.94126,0.9921,1,0.995,0.93875,0.9921,1,0.995,0.95873,0.49452,0.59311,0.63047,0.64844,0.0012872,0.0012872,0.0012872
74,167.669,0.52992,0.63705,0.53759,0.97252,0.99237,1,0.995,0.90972,0.99237,1,0.995,0.8955,0.49886,0.64601,0.61149,0.64563,0.0012773,0.0012773,0.0012773
75,169.62,0.62844,0.80042,0.59157,0.97275,0.99237,1,0.995,0.90972,0.99237,1,0.995,0.8955,0.49886,0.64601,0.61149,0.64563,0.0012674,0.0012674,0.0012674
76,173.542,0.60057,0.69824,0.56406,1.03355,0.99236,1,0.995,0.89052,0.99236,1,0.995,0.91794,0.52192,0.55716,0.60747,0.64984,0.0012575,0.0012575,0.0012575
77,175.506,0.65596,0.87165,0.55515,1.03439,0.99236,1,0.995,0.89052,0.99236,1,0.995,0.91794,0.52192,0.55716,0.60747,0.64984,0.0012476,0.0012476,0.0012476
78,177.474,0.59775,0.72236,0.53643,1.01654,0.99233,1,0.995,0.89853,0.99233,1,0.995,0.9189,0.54653,0.66256,0.69521,0.65935,0.0012377,0.0012377,0.0012377
79,179.442,0.62722,0.69957,0.59728,1.0306,0.99233,1,0.995,0.89853,0.99233,1,0.995,0.9189,0.54653,0.66256,0.69521,0.65935,0.0012278,0.0012278,0.0012278
80,181.414,0.63797,0.7599,0.56772,0.99754,0.99232,1,0.995,0.8955,0.99232,1,0.995,0.89885,0.56483,0.72579,0.67726,0.67303,0.0012179,0.0012179,0.0012179
81,183.368,0.63261,0.68462,0.5386,0.97606,0.99232,1,0.995,0.8955,0.99232,1,0.995,0.89885,0.56483,0.72579,0.67726,0.67303,0.001208,0.001208,0.001208
82,185.35,0.59177,0.70146,0.59794,0.98875,0.99216,1,0.995,0.88535,0.99216,1,0.995,0.87955,0.56817,0.76825,0.59643,0.67112,0.0011981,0.0011981,0.0011981
83,187.307,0.58789,0.81778,0.56045,0.99877,0.99216,1,0.995,0.88535,0.99216,1,0.995,0.87955,0.56817,0.76825,0.59643,0.67112,0.0011882,0.0011882,0.0011882
84,189.07,0.59074,0.70653,0.52935,1.00266,0.99175,1,0.995,0.91238,0.99175,1,0.995,0.90745,0.50911,0.72494,0.60608,0.65251,0.0011783,0.0011783,0.0011783
85,190.702,0.6645,0.75719,0.62177,1.0353,0.99175,1,0.995,0.91238,0.99175,1,0.995,0.90745,0.50911,0.72494,0.60608,0.65251,0.0011684,0.0011684,0.0011684
86,192.349,0.46415,0.54623,0.49067,0.93299,0.99109,1,0.995,0.90157,0.99109,1,0.995,0.89175,0.52022,0.66314,0.58638,0.64455,0.0011585,0.0011585,0.0011585
87,194.315,0.60909,0.64615,0.57903,1.00375,0.99109,1,0.995,0.90157,0.99109,1,0.995,0.89175,0.52022,0.66314,0.58638,0.64455,0.0011486,0.0011486,0.0011486
88,196.202,0.56688,0.78484,0.5379,0.97417,0.99028,1,0.995,0.91547,0.99028,1,0.995,0.95868,0.59463,0.59979,0.59838,0.6925,0.0011387,0.0011387,0.0011387
89,197.849,0.65103,0.77657,0.54931,0.9949,0.99028,1,0.995,0.91547,0.99028,1,0.995,0.95868,0.59463,0.59979,0.59838,0.6925,0.0011288,0.0011288,0.0011288
90,199.505,0.60781,0.69395,0.55527,0.9918,0.9898,1,0.995,0.93302,0.9898,1,0.995,0.91205,0.70051,0.59875,0.63183,0.72278,0.0011189,0.0011189,0.0011189
91,201.15,0.6227,0.65742,0.52146,1.00744,0.9898,1,0.995,0.93302,0.9898,1,0.995,0.91205,0.70051,0.59875,0.63183,0.72278,0.001109,0.001109,0.001109
92,202.817,0.65152,0.78125,0.55559,1.01344,0.98944,1,0.995,0.90981,0.98944,1,0.995,0.91205,0.69822,0.61,0.61162,0.71058,0.0010991,0.0010991,0.0010991
93,204.716,0.5574,0.64143,0.55684,0.9792,0.98944,1,0.995,0.90981,0.98944,1,0.995,0.91205,0.69822,0.61,0.61162,0.71058,0.0010892,0.0010892,0.0010892
94,206.692,0.566,0.60956,0.51454,0.95305,0.99054,1,0.995,0.92543,0.99054,1,0.995,0.9411,0.5484,0.6444,0.54599,0.66137,0.0010793,0.0010793,0.0010793
95,208.655,0.55026,0.71905,0.51861,0.9754,0.99054,1,0.995,0.92543,0.99054,1,0.995,0.9411,0.5484,0.6444,0.54599,0.66137,0.0010694,0.0010694,0.0010694
96,210.642,0.64033,0.71152,0.52816,1.00651,0.99118,1,0.995,0.95643,0.99118,1,0.995,0.94543,0.46263,0.61713,0.5113,0.63668,0.0010595,0.0010595,0.0010595
97,212.614,0.625,0.6984,0.60053,0.98897,0.99118,1,0.995,0.95643,0.99118,1,0.995,0.94543,0.46263,0.61713,0.5113,0.63668,0.0010496,0.0010496,0.0010496
98,216.531,0.58239,0.77289,0.5087,0.97102,0.99152,1,0.995,0.91446,0.99152,1,0.995,0.93193,0.47593,0.54699,0.49438,0.64357,0.0010397,0.0010397,0.0010397
99,219.301,0.6083,0.75124,0.51751,1.00529,0.99152,1,0.995,0.91446,0.99152,1,0.995,0.93193,0.47593,0.54699,0.49438,0.64357,0.0010298,0.0010298,0.0010298
100,222.411,0.57636,0.68037,0.49772,0.97157,0.99183,1,0.995,0.87252,0.99183,1,0.995,0.91067,0.56487,0.51492,0.53491,0.66947,0.0010199,0.0010199,0.0010199
101,224.379,0.62775,0.81458,0.52724,0.96252,0.99183,1,0.995,0.87252,0.99183,1,0.995,0.91067,0.56487,0.51492,0.53491,0.66947,0.00101,0.00101,0.00101
102,226.18,0.6022,0.69534,0.57444,1.05478,0.99193,1,0.995,0.90942,0.99193,1,0.995,0.90383,0.61351,0.55905,0.52486,0.70097,0.0010001,0.0010001,0.0010001
103,227.815,0.58877,1.09991,0.4994,1.03428,0.99193,1,0.995,0.90942,0.99193,1,0.995,0.90383,0.61351,0.55905,0.52486,0.70097,0.0009902,0.0009902,0.0009902
104,229.486,0.49232,0.69035,0.4895,0.98216,0.99189,1,0.995,0.92281,0.99189,1,0.995,0.8955,0.56216,0.54439,0.54151,0.67542,0.0009803,0.0009803,0.0009803
105,231.124,0.51673,0.69645,0.47752,0.96572,0.99189,1,0.995,0.92281,0.99189,1,0.995,0.8955,0.56216,0.54439,0.54151,0.67542,0.0009704,0.0009704,0.0009704
106,232.793,0.55417,0.63345,0.53067,0.95664,0.99195,1,0.995,0.93125,0.99195,1,0.995,0.93873,0.45702,0.49203,0.52048,0.63283,0.0009605,0.0009605,0.0009605
107,234.132,0.4927,0.59903,0.45701,0.93743,0.99195,1,0.995,0.93125,0.99195,1,0.995,0.93873,0.45702,0.49203,0.52048,0.63283,0.0009506,0.0009506,0.0009506
108,235.241,0.48805,0.62777,0.46609,0.93621,0.992,1,0.995,0.95551,0.992,1,0.995,0.95111,0.43716,0.45785,0.45556,0.62663,0.0009407,0.0009407,0.0009407
109,236.596,0.51038,0.65447,0.47542,0.98463,0.992,1,0.995,0.95551,0.992,1,0.995,0.95111,0.43716,0.45785,0.45556,0.62663,0.0009308,0.0009308,0.0009308
110,239.426,0.53544,0.5734,0.49304,0.94764,0.9916,1,0.995,0.95644,0.9916,1,0.995,0.96211,0.44988,0.50425,0.48623,0.62781,0.0009209,0.0009209,0.0009209
111,242.801,0.54454,0.77908,0.55709,0.99089,0.9916,1,0.995,0.95644,0.9916,1,0.995,0.96211,0.44988,0.50425,0.48623,0.62781,0.000911,0.000911,0.000911
112,245.027,0.54712,0.6198,0.55006,0.99286,0.9883,1,0.995,0.95244,0.9883,1,0.995,0.94112,0.47018,0.5319,0.49878,0.64616,0.0009011,0.0009011,0.0009011
113,247.005,0.44659,0.61743,0.42437,0.94925,0.9883,1,0.995,0.95244,0.9883,1,0.995,0.94112,0.47018,0.5319,0.49878,0.64616,0.0008912,0.0008912,0.0008912
114,249.231,0.60472,0.75753,0.53044,0.98755,0.98751,1,0.995,0.9332,0.98751,1,0.995,0.92343,0.49746,0.53858,0.55032,0.66302,0.0008813,0.0008813,0.0008813
115,250.65,0.49636,0.61643,0.48676,0.95969,0.98751,1,0.995,0.9332,0.98751,1,0.995,0.92343,0.49746,0.53858,0.55032,0.66302,0.0008714,0.0008714,0.0008714
116,252.078,0.49323,0.68568,0.47829,0.95537,0.98717,1,0.995,0.93191,0.98717,1,0.995,0.909,0.49939,0.53563,0.51781,0.67523,0.0008615,0.0008615,0.0008615
117,253.494,0.56941,0.67592,0.48639,1.01461,0.98717,1,0.995,0.93191,0.98717,1,0.995,0.909,0.49939,0.53563,0.51781,0.67523,0.0008516,0.0008516,0.0008516
118,254.917,0.49254,0.63463,0.45095,0.95967,0.9843,1,0.995,0.91073,0.9843,1,0.995,0.91064,0.47552,0.50488,0.4501,0.6719,0.0008417,0.0008417,0.0008417
119,256.331,0.56479,0.60303,0.50282,0.96927,0.9843,1,0.995,0.91073,0.9843,1,0.995,0.91064,0.47552,0.50488,0.4501,0.6719,0.0008318,0.0008318,0.0008318
120,257.761,0.52728,0.62514,0.48149,0.98954,0.99126,1,0.995,0.91073,0.99126,1,0.995,0.95549,0.47642,0.4836,0.42268,0.665,0.0008219,0.0008219,0.0008219
121,258.929,0.52322,0.54564,0.49316,0.93855,0.99126,1,0.995,0.91073,0.99126,1,0.995,0.95549,0.47642,0.4836,0.42268,0.665,0.000812,0.000812,0.000812
122,259.951,0.43618,0.57306,0.43709,0.92534,0.99214,1,0.995,0.91899,0.99214,1,0.995,0.91889,0.48951,0.4959,0.43011,0.65766,0.0008021,0.0008021,0.0008021
123,261.176,0.48182,0.59369,0.49922,0.9447,0.99214,1,0.995,0.91899,0.99214,1,0.995,0.91889,0.48951,0.4959,0.43011,0.65766,0.0007922,0.0007922,0.0007922
124,262.421,0.45255,0.56263,0.47478,0.90855,0.99219,1,0.995,0.91909,0.99219,1,0.995,0.93871,0.47534,0.51969,0.43964,0.65332,0.0007823,0.0007823,0.0007823
125,263.643,0.43587,0.51365,0.46183,0.92803,0.99219,1,0.995,0.91909,0.99219,1,0.995,0.93871,0.47534,0.51969,0.43964,0.65332,0.0007724,0.0007724,0.0007724
126,264.896,0.67722,0.81473,0.57327,1.045,0.99187,1,0.995,0.9511,0.99187,1,0.995,0.93871,0.45422,0.52142,0.44465,0.64926,0.0007625,0.0007625,0.0007625
127,266.116,0.48625,0.69418,0.45649,0.94138,0.99187,1,0.995,0.9511,0.99187,1,0.995,0.93871,0.45422,0.52142,0.44465,0.64926,0.0007526,0.0007526,0.0007526
128,267.363,0.52415,0.65969,0.47248,0.98941,0.99143,1,0.995,0.9291,0.99143,1,0.995,0.93872,0.47292,0.50214,0.42507,0.65801,0.0007427,0.0007427,0.0007427
129,268.582,0.44703,0.59506,0.4353,0.92698,0.99143,1,0.995,0.9291,0.99143,1,0.995,0.93872,0.47292,0.50214,0.42507,0.65801,0.0007328,0.0007328,0.0007328
130,269.828,0.51555,0.66774,0.47301,0.97474,0.99081,1,0.995,0.89634,0.99081,1,0.995,0.95871,0.51933,0.49798,0.40629,0.66892,0.0007229,0.0007229,0.0007229
131,271.055,0.48122,0.60999,0.44766,0.95305,0.99081,1,0.995,0.89634,0.99081,1,0.995,0.95871,0.51933,0.49798,0.40629,0.66892,0.000713,0.000713,0.000713
132,272.297,0.47257,0.64456,0.44946,0.914,0.99022,1,0.995,0.92345,0.99022,1,0.995,0.94619,0.54278,0.49002,0.40846,0.66856,0.0007031,0.0007031,0.0007031
133,273.519,0.43466,0.51979,0.41737,0.93492,0.99022,1,0.995,0.92345,0.99022,1,0.995,0.94619,0.54278,0.49002,0.40846,0.66856,0.0006932,0.0006932,0.0006932
134,274.768,0.58652,0.59707,0.49987,0.97144,0.99023,1,0.995,0.92345,0.99023,1,0.995,0.93689,0.54123,0.51835,0.41,0.66294,0.0006833,0.0006833,0.0006833
135,275.987,0.48377,0.59345,0.4501,0.959,0.99023,1,0.995,0.92345,0.99023,1,0.995,0.93689,0.54123,0.51835,0.41,0.66294,0.0006734,0.0006734,0.0006734
136,277.236,0.58452,0.69188,0.53361,1.03178,0.99098,1,0.995,0.92913,0.99098,1,0.995,0.92283,0.51772,0.60466,0.4052,0.65771,0.0006635,0.0006635,0.0006635
137,278.463,0.37677,0.48051,0.40459,0.91164,0.99098,1,0.995,0.92913,0.99098,1,0.995,0.92283,0.51772,0.60466,0.4052,0.65771,0.0006536,0.0006536,0.0006536
138,279.711,0.45888,0.56718,0.45496,0.94989,0.99172,1,0.995,0.90402,0.99172,1,0.995,0.90755,0.50102,0.70485,0.37967,0.65851,0.0006437,0.0006437,0.0006437
139,280.94,0.47811,0.59926,0.43734,0.95358,0.99172,1,0.995,0.90402,0.99172,1,0.995,0.90755,0.50102,0.70485,0.37967,0.65851,0.0006338,0.0006338,0.0006338
140,282.181,0.48948,0.56805,0.55149,0.97847,0.99199,1,0.995,0.8959,0.99199,1,0.995,0.88225,0.5105,0.72026,0.36643,0.65941,0.0006239,0.0006239,0.0006239
141,283.403,0.56878,0.62963,0.5312,0.96057,0.99199,1,0.995,0.8959,0.99199,1,0.995,0.88225,0.5105,0.72026,0.36643,0.65941,0.000614,0.000614,0.000614
142,284.643,0.57508,0.678,0.51097,1.01973,0.99213,1,0.995,0.89592,0.99213,1,0.995,0.92914,0.49714,0.64689,0.35632,0.65898,0.0006041,0.0006041,0.0006041
143,285.872,0.49442,0.63871,0.49036,0.98078,0.99213,1,0.995,0.89592,0.99213,1,0.995,0.92914,0.49714,0.64689,0.35632,0.65898,0.0005942,0.0005942,0.0005942
144,287.126,0.52056,0.76092,0.44161,0.94601,0.99227,1,0.995,0.9044,0.99227,1,0.995,0.93196,0.47987,0.54305,0.35312,0.65657,0.0005843,0.0005843,0.0005843
145,288.346,0.57304,0.58782,0.56616,0.99173,0.99227,1,0.995,0.9044,0.99227,1,0.995,0.93196,0.47987,0.54305,0.35312,0.65657,0.0005744,0.0005744,0.0005744
146,289.598,0.51998,0.62338,0.46047,0.97459,0.99223,1,0.995,0.8955,0.99223,1,0.995,0.95554,0.47064,0.50112,0.37595,0.6504,0.0005645,0.0005645,0.0005645
147,290.817,0.50373,0.59008,0.48127,0.91393,0.99223,1,0.995,0.8955,0.99223,1,0.995,0.95554,0.47064,0.50112,0.37595,0.6504,0.0005546,0.0005546,0.0005546
148,292.063,0.50994,0.56225,0.4554,0.95964,0.99227,1,0.995,0.91239,0.99227,1,0.995,0.95874,0.45227,0.50122,0.3768,0.63864,0.0005447,0.0005447,0.0005447
149,293.285,0.40858,0.42003,0.41153,0.913,0.99227,1,0.995,0.91239,0.99227,1,0.995,0.95874,0.45227,0.50122,0.3768,0.63864,0.0005348,0.0005348,0.0005348
150,294.89,0.4239,0.53811,0.42935,0.94709,0.99228,1,0.995,0.90956,0.99228,1,0.995,0.93279,0.43732,0.52376,0.37739,0.63249,0.0005249,0.0005249,0.0005249
151,296.519,0.52933,0.52746,0.43657,0.99261,0.99228,1,0.995,0.90956,0.99228,1,0.995,0.93279,0.43732,0.52376,0.37739,0.63249,0.000515,0.000515,0.000515
152,298.165,0.50634,0.64208,0.47115,1.00887,0.99213,1,0.995,0.89906,0.99213,1,0.995,0.94116,0.42994,0.52698,0.36631,0.63832,0.0005051,0.0005051,0.0005051
153,299.796,0.4667,0.59824,0.41024,0.92635,0.99213,1,0.995,0.89906,0.99213,1,0.995,0.94116,0.42994,0.52698,0.36631,0.63832,0.0004952,0.0004952,0.0004952
154,301.448,0.57915,0.72703,0.48137,1.00382,0.99221,1,0.995,0.91604,0.99221,1,0.995,0.93691,0.41885,0.49918,0.34372,0.6364,0.0004853,0.0004853,0.0004853
155,303.086,0.46822,0.58895,0.44041,0.94628,0.99221,1,0.995,0.91604,0.99221,1,0.995,0.93691,0.41885,0.49918,0.34372,0.6364,0.0004754,0.0004754,0.0004754
156,304.731,0.52361,0.66714,0.44605,0.96607,0.99207,1,0.995,0.92536,0.99207,1,0.995,0.93279,0.41533,0.48968,0.32976,0.63677,0.0004655,0.0004655,0.0004655
157,306.368,0.53953,0.65047,0.45625,0.94423,0.99207,1,0.995,0.92536,0.99207,1,0.995,0.93279,0.41533,0.48968,0.32976,0.63677,0.0004556,0.0004556,0.0004556
158,308.017,0.40536,0.54802,0.44686,0.91738,0.992,1,0.995,0.9107,0.992,1,0.995,0.9124,0.41023,0.49272,0.32877,0.63058,0.0004457,0.0004457,0.0004457
159,309.652,0.45354,0.48804,0.4369,0.93695,0.992,1,0.995,0.9107,0.992,1,0.995,0.9124,0.41023,0.49272,0.32877,0.63058,0.0004358,0.0004358,0.0004358
160,311.308,0.47975,0.73068,0.43897,0.98457,0.99193,1,0.995,0.89911,0.99193,1,0.995,0.89972,0.40915,0.49826,0.35302,0.62745,0.0004259,0.0004259,0.0004259
161,312.933,0.45716,0.5455,0.41226,0.93146,0.99193,1,0.995,0.89911,0.99193,1,0.995,0.89972,0.40915,0.49826,0.35302,0.62745,0.000416,0.000416,0.000416
162,314.585,0.46066,0.51822,0.39969,0.92919,0.99196,1,0.995,0.90018,0.99196,1,0.995,0.89834,0.41392,0.50525,0.36591,0.62454,0.0004061,0.0004061,0.0004061
163,316.221,0.46751,0.48614,0.4243,0.97884,0.99196,1,0.995,0.90018,0.99196,1,0.995,0.89834,0.41392,0.50525,0.36591,0.62454,0.0003962,0.0003962,0.0003962
164,317.87,0.45896,0.64323,0.39587,0.9233,0.99199,1,0.995,0.90951,0.99199,1,0.995,0.89971,0.41485,0.51108,0.38745,0.62578,0.0003863,0.0003863,0.0003863
165,319.5,0.41235,0.56394,0.38582,0.92802,0.99199,1,0.995,0.90951,0.99199,1,0.995,0.89971,0.41485,0.51108,0.38745,0.62578,0.0003764,0.0003764,0.0003764
166,321.156,0.47122,0.58417,0.46545,0.93346,0.99228,1,0.995,0.90947,0.99228,1,0.995,0.90109,0.41475,0.51554,0.40596,0.62442,0.0003665,0.0003665,0.0003665
167,322.792,0.42699,0.44082,0.44451,0.92232,0.99228,1,0.995,0.90947,0.99228,1,0.995,0.90109,0.41475,0.51554,0.40596,0.62442,0.0003566,0.0003566,0.0003566
168,324.452,0.46368,0.55316,0.4026,0.93149,0.99236,1,0.995,0.90923,0.99236,1,0.995,0.90903,0.42793,0.50964,0.40885,0.62785,0.0003467,0.0003467,0.0003467
169,326.064,0.42646,0.5254,0.45043,0.96268,0.99236,1,0.995,0.90923,0.99236,1,0.995,0.90903,0.42793,0.50964,0.40885,0.62785,0.0003368,0.0003368,0.0003368
170,327.722,0.43916,0.48659,0.4056,0.96198,0.99238,1,0.995,0.92061,0.99238,1,0.995,0.92758,0.43981,0.51215,0.40874,0.62911,0.0003269,0.0003269,0.0003269
171,329.348,0.45234,0.5423,0.52163,0.95628,0.99238,1,0.995,0.92061,0.99238,1,0.995,0.92758,0.43981,0.51215,0.40874,0.62911,0.000317,0.000317,0.000317
172,331.01,0.48236,0.55121,0.4729,0.96973,0.99239,1,0.995,0.90005,0.99239,1,0.995,0.92758,0.45406,0.51771,0.39286,0.63536,0.0003071,0.0003071,0.0003071
173,332.636,0.43611,0.62209,0.44883,0.96144,0.99239,1,0.995,0.90005,0.99239,1,0.995,0.92758,0.45406,0.51771,0.39286,0.63536,0.0002972,0.0002972,0.0002972
174,334.288,0.44411,0.60338,0.42435,0.92986,0.99248,1,0.995,0.89986,0.99248,1,0.995,0.93996,0.46211,0.51465,0.36902,0.64038,0.0002873,0.0002873,0.0002873
175,335.923,0.42969,0.65034,0.4032,0.93184,0.99248,1,0.995,0.89986,0.99248,1,0.995,0.93996,0.46211,0.51465,0.36902,0.64038,0.0002774,0.0002774,0.0002774
176,337.574,0.35243,0.4581,0.36865,0.92815,0.99249,1,0.995,0.91255,0.99249,1,0.995,0.93996,0.44856,0.50193,0.35302,0.63804,0.0002675,0.0002675,0.0002675
177,339.205,0.42623,0.62904,0.4137,0.9371,0.99249,1,0.995,0.91255,0.99249,1,0.995,0.93996,0.44856,0.50193,0.35302,0.63804,0.0002576,0.0002576,0.0002576
178,340.855,0.42326,0.47027,0.41897,0.92981,0.99257,1,0.995,0.92556,0.99257,1,0.995,0.93996,0.43403,0.48916,0.34806,0.6353,0.0002477,0.0002477,0.0002477
179,342.491,0.37477,0.46203,0.39474,0.92434,0.99257,1,0.995,0.92556,0.99257,1,0.995,0.93996,0.43403,0.48916,0.34806,0.6353,0.0002378,0.0002378,0.0002378
180,344.136,0.37416,0.48073,0.37716,0.93556,0.99248,1,0.995,0.92556,0.99248,1,0.995,0.94408,0.42161,0.48103,0.33471,0.63391,0.0002279,0.0002279,0.0002279
181,345.836,0.34229,0.43238,0.4066,0.91324,0.99248,1,0.995,0.92556,0.99248,1,0.995,0.94408,0.42161,0.48103,0.33471,0.63391,0.000218,0.000218,0.000218
182,347.489,0.43901,0.51105,0.42962,0.96154,0.99258,1,0.995,0.92556,0.99258,1,0.995,0.94408,0.40551,0.47417,0.33048,0.63153,0.0002081,0.0002081,0.0002081
183,349.125,0.51099,0.51031,0.44454,0.95129,0.99258,1,0.995,0.92556,0.99258,1,0.995,0.94408,0.40551,0.47417,0.33048,0.63153,0.0001982,0.0001982,0.0001982
184,350.844,0.45113,0.56481,0.41653,0.94822,0.99249,1,0.995,0.92557,0.99249,1,0.995,0.93276,0.39663,0.47496,0.32434,0.62841,0.0001883,0.0001883,0.0001883
185,352.475,0.40669,0.55692,0.42016,0.92801,0.99249,1,0.995,0.92557,0.99249,1,0.995,0.93276,0.39663,0.47496,0.32434,0.62841,0.0001784,0.0001784,0.0001784
186,354.123,0.42875,0.46654,0.40781,0.92834,0.99249,1,0.995,0.92557,0.99249,1,0.995,0.93276,0.38771,0.47669,0.32512,0.62268,0.0001685,0.0001685,0.0001685
187,355.827,0.41249,0.77188,0.39158,0.96306,0.99249,1,0.995,0.92557,0.99249,1,0.995,0.93276,0.38771,0.47669,0.32512,0.62268,0.0001586,0.0001586,0.0001586
188,357.478,0.44207,0.79545,0.43621,0.97235,0.99246,1,0.995,0.92558,0.99246,1,0.995,0.93276,0.38699,0.48185,0.32246,0.61908,0.0001487,0.0001487,0.0001487
189,359.12,0.3993,0.47442,0.38947,0.92715,0.99246,1,0.995,0.92558,0.99246,1,0.995,0.93276,0.38699,0.48185,0.32246,0.61908,0.0001388,0.0001388,0.0001388
190,360.774,0.37927,0.57389,0.37193,0.91392,0.99254,1,0.995,0.92757,0.99254,1,0.995,0.93276,0.38627,0.49032,0.3184,0.61832,0.0001289,0.0001289,0.0001289
191,362.765,0.31629,0.4291,0.78273,0.93486,0.99254,1,0.995,0.92757,0.99254,1,0.995,0.93276,0.38627,0.49032,0.3184,0.61832,0.000119,0.000119,0.000119
192,364.132,0.33111,0.45969,0.95003,0.93591,0.99239,1,0.995,0.92558,0.99239,1,0.995,0.91237,0.3898,0.49305,0.31706,0.61984,0.0001091,0.0001091,0.0001091
193,365.69,0.28196,0.33458,0.88179,0.85396,0.99239,1,0.995,0.92558,0.99239,1,0.995,0.91237,0.3898,0.49305,0.31706,0.61984,9.92e-05,9.92e-05,9.92e-05
194,367.353,0.2787,0.38696,0.78702,0.89673,0.9923,1,0.995,0.92555,0.9923,1,0.995,0.91236,0.3839,0.49432,0.32314,0.62321,8.93e-05,8.93e-05,8.93e-05
195,368.973,0.25723,0.37013,0.62864,0.8852,0.9923,1,0.995,0.92555,0.9923,1,0.995,0.91236,0.3839,0.49432,0.32314,0.62321,7.94e-05,7.94e-05,7.94e-05
196,370.627,0.25299,0.4199,0.68855,0.88188,0.99222,1,0.995,0.92553,0.99222,1,0.995,0.91236,0.3875,0.49281,0.326,0.62399,6.95e-05,6.95e-05,6.95e-05
197,372.252,0.23391,0.38658,0.68556,0.84718,0.99222,1,0.995,0.92553,0.99222,1,0.995,0.91236,0.3875,0.49281,0.326,0.62399,5.96e-05,5.96e-05,5.96e-05
198,373.921,0.21528,0.37295,0.5903,0.87156,0.99209,1,0.995,0.92552,0.99209,1,0.995,0.91235,0.38986,0.49088,0.3334,0.62554,4.97e-05,4.97e-05,4.97e-05
199,375.55,0.29071,0.44718,0.67523,0.86202,0.99209,1,0.995,0.92552,0.99209,1,0.995,0.91235,0.38986,0.49088,0.3334,0.62554,3.98e-05,3.98e-05,3.98e-05
200,377.195,0.27195,0.38461,0.69851,0.82663,0.99204,1,0.995,0.90916,0.99204,1,0.995,0.9206,0.39253,0.49,0.35555,0.62573,2.99e-05,2.99e-05,2.99e-05
